<?xml version="1.0" encoding="UTF-8" standalone="yes"?>
<addon id="plugin.video.cbtv" name="CB TV" version="1.4.2" provider-name="Christian">
    <requires>
        <import addon="xbmc.python" version="3.0.0"/>
        <import addon="script.module.requests"/>
        <import addon="inputstream.adaptive"/>
    </requires>
    <extension point="xbmc.python.pluginsource" library="addon.py">
        <provides>video</provides>
    </extension>
    <extension point="xbmc.addon.metadata">
        <summary lang="it_IT">CB TV - Live Sports &amp; Movies</summary>
        <description lang="it_IT">Eventi sportivi live, cinema e serie TV premium.</description>
        <platform>all</platform>
        <assets>
            <icon>icon.png</icon>
            <fanart>fanart.jpg</fanart>
        </assets>
    </extension>
</addon>
