<?xml version="1.0" encoding="UTF-8" standalone="yes"?>
<addon id="repository.cbtv" name="CB TV Repo" version="1.0.1" provider-name="Christian">
    <extension point="xbmc.addon.repository" name="CB TV Repo">
        <dir>
            <info compressed="false">https://raw.githubusercontent.com/cb6-maker/repo.cbtv/master/addons.xml</info>
            <checksum>https://raw.githubusercontent.com/cb6-maker/repo.cbtv/master/addons.xml.md5</checksum>
            <datadir zip="true">https://raw.githubusercontent.com/cb6-maker/repo.cbtv/master/</datadir>
        </dir>
    </extension>
    <extension point="xbmc.addon.metadata">
        <summary>Official Repository for CB TV</summary>
        <description>Install and auto-update CB TV Addon.</description>
        <platform>all</platform>
        <assets>
            <icon>icon.png</icon>
        </assets>
    </extension>
</addon>
